start_year_series,min_holding_years,worst_window,worst_cagr,best_window,best_cagr,average_cagr,num_windows_checked
1926,30,1994-2023,0.0015038597094361172,1970-1999,0.10478521714019284,0.05549776859442701,69
1957,30,1994-2023,0.0015038597094361172,1970-1999,0.10478521714019284,0.04525903630268353,38
1972,30,1994-2023,0.0015038597094361172,1972-2001,0.06392420779166752,0.020696350053631712,23
1985,30,1994-2023,0.0015038597094361172,1990-2019,0.01343672891109704,0.009732366661027458,10
