window_size,best_window,best_cagr,worst_window,worst_cagr,avg_cagr,count
5,1995-1999,0.20889352206777012,2000-2004,-0.3021483195702016,0.03517480006046716,35
10,1990-1999,0.19535474117916674,2000-2009,-0.20335803249355222,0.01695113976525868,30
15,1985-1999,0.17121546892802852,2000-2014,-0.12416093380376125,-0.010554237880762152,25
20,2004-2023,0.029142158882783376,2000-2019,-0.06686053856558705,-0.026364357462080733,20
30,1990-2019,0.01343672891109704,1994-2023,0.0015038597094361172,0.009732366661027458,10
