window_size,best_window,best_cagr,worst_window,worst_cagr,avg_cagr,count
5,1995-1999,0.20889352206777012,2000-2004,-0.3021483195702016,0.052739332258886,94
10,1990-1999,0.19535474117916674,2000-2009,-0.20335803249355222,0.051689788257480794,89
15,1985-1999,0.17121546892802852,2000-2014,-0.12416093380376125,0.04879132778189025,84
20,1980-1999,0.1564647153259653,2000-2019,-0.06686053856558705,0.04861471201338712,79
30,1970-1999,0.10478521714019284,1994-2023,0.0015038597094361172,0.05549776859442701,69
